ticker,N,MAPE,date_start,date_end,model_type,notes,n_epochs,sentiment_variance
FB,203,4.835466216939645,2020-05-22 00:00:00,2021-02-20 00:00:00,arima, ,,0.34868653756804757
FB,203,6.225982579453911,2020-05-22 00:00:00,2021-02-20 00:00:00,prophet, ,,0.34868653756804757
FB,207,36.03659157865662,2020-05-18 00:00:00,2021-02-20 00:00:00,lstm1,loss stopped changing,5.0,0.34868653756804757
FB,207,33.47541835207711,2020-05-18 00:00:00,2021-02-20 00:00:00,lstm2,loss stopped changing,6.0,0.34868653756804757
GOOGL,115,6.683265390201752,2020-09-15 00:00:00,2021-02-17 00:00:00,arima, ,,0.34242517908447345
GOOGL,115,7.812539553836688,2020-09-15 00:00:00,2021-02-17 00:00:00,prophet, ,,0.34242517908447345
GOOGL,119,28.521268278909584,2020-09-09 00:00:00,2021-02-17 00:00:00,lstm1,loss stopped changing,5.0,0.34242517908447345
GOOGL,119,25.54069154005734,2020-09-09 00:00:00,2021-02-17 00:00:00,lstm2,loss started increasing,8.0,0.34242517908447345
GOOG,116,6.475943895515464,2020-09-15 00:00:00,2021-02-18 00:00:00,arima, ,,0.3415397359279474
GOOG, , , , , ,error during prophet,,0.3415397359279474
GOOG,120,15.903496304344836,2020-09-09 00:00:00,2021-02-18 00:00:00,lstm1,loss stopped changing,9.0,0.3415397359279474
GOOG,120,18.52356822904029,2020-09-09 00:00:00,2021-02-18 00:00:00,lstm2,loss stopped changing,12.0,0.3415397359279474
NVDA,120,3.4269271385771267,2020-09-17 00:00:00,2021-02-18 00:00:00,arima, ,,0.2546391089056101
NVDA,120,4.13054526734944,2020-09-17 00:00:00,2021-02-18 00:00:00,prophet, ,,0.2546391089056101
NVDA,124,59.44448427715883,2020-09-11 00:00:00,2021-02-18 00:00:00,lstm1,loss stopped changing,12.0,0.2546391089056101
NVDA,124,52.81803943160771,2020-09-11 00:00:00,2021-02-18 00:00:00,lstm2,loss stopped changing,7.0,0.2546391089056101
MA,115,120.602721761327,2020-09-22 00:00:00,2021-02-18 00:00:00,arima, ,,0.16020101259957814
MA,115,137.40999847370406,2020-09-22 00:00:00,2021-02-18 00:00:00,prophet, ,,0.16020101259957814
MA,119,81.93672935391719,2020-09-16 00:00:00,2021-02-18 00:00:00,lstm1,loss started increasing,4.0,0.16020101259957814
MA,119,82.3309666967427,2020-09-16 00:00:00,2021-02-18 00:00:00,lstm2,loss started increasing,4.0,0.16020101259957814
BAC,120,43.291753229222394,2020-09-16 00:00:00,2021-02-18 00:00:00,arima, ,,0.3069408521781783
BAC,120,59.10916671874759,2020-09-16 00:00:00,2021-02-18 00:00:00,prophet, ,,0.3069408521781783
BAC,124,58.44621373035693,2020-09-10 00:00:00,2021-02-18 00:00:00,lstm1,loss stopped changing,7.0,0.3069408521781783
BAC,124,67.12213836197361,2020-09-10 00:00:00,2021-02-18 00:00:00,lstm2,loss stopped changing,6.0,0.3069408521781783
NFLX,119,5.864668894960672,2020-09-17 00:00:00,2021-02-18 00:00:00,arima, ,,0.25023939032041403
NFLX,119,7.708409295027957,2020-09-17 00:00:00,2021-02-18 00:00:00,prophet, ,,0.25023939032041403
NFLX,123,18.97031798803577,2020-09-11 00:00:00,2021-02-18 00:00:00,lstm1,loss stopped changing,31.0,0.25023939032041403
NFLX,123,22.382056253543254,2020-09-11 00:00:00,2021-02-18 00:00:00,lstm2,loss stopped changing,31.0,0.25023939032041403
CMCSA,115,12.342336272040127,2020-09-16 00:00:00,2021-02-17 00:00:00,arima, ,,0.24471074702647236
CMCSA,115,12.569472392201506,2020-09-16 00:00:00,2021-02-17 00:00:00,prophet, ,,0.24471074702647236
CMCSA,119,17.751498500833822,2020-09-10 00:00:00,2021-02-17 00:00:00,lstm1,loss started increasing,7.0,0.24471074702647236
CMCSA,119,18.47637611650958,2020-09-10 00:00:00,2021-02-17 00:00:00,lstm2,loss stopped changing,7.0,0.24471074702647236
ABT,113,4.3945292642754135,2020-09-14 00:00:00,2021-02-17 00:00:00,arima, ,,0.16055510552627553
ABT,113,4.9983055882579706,2020-09-14 00:00:00,2021-02-17 00:00:00,prophet, ,,0.16055510552627553
ABT,117,33.25282371780232,2020-09-08 00:00:00,2021-02-17 00:00:00,lstm1,loss stopped changing,12.0,0.16055510552627553
ABT,117,34.22261968711871,2020-09-08 00:00:00,2021-02-17 00:00:00,lstm2,loss stopped changing,13.0,0.16055510552627553
T,119,285.54439917109795,2020-09-18 00:00:00,2021-02-18 00:00:00,arima, ,,0.3720188114222183
T,119,348.8016889441611,2020-09-18 00:00:00,2021-02-18 00:00:00,prophet, ,,0.3720188114222183
T,123,135.26363877401374,2020-09-14 00:00:00,2021-02-18 00:00:00,lstm1,loss stopped changing,31.0,0.3720188114222183
T,123,128.69996022656107,2020-09-14 00:00:00,2021-02-18 00:00:00,lstm2,loss stopped changing,21.0,0.3720188114222183
AVGO,115,5.433227534207608,2020-09-04 00:00:00,2021-02-17 00:00:00,arima, ,,0.262821148155587
AVGO,115,5.955652228631244,2020-09-04 00:00:00,2021-02-17 00:00:00,prophet, ,,0.262821148155587
AVGO,119,11.508664268568783,2020-08-31 00:00:00,2021-02-17 00:00:00,lstm1,loss stopped changing,12.0,0.262821148155587
AVGO,119,17.83773141503894,2020-08-31 00:00:00,2021-02-17 00:00:00,lstm2,loss stopped changing,9.0,0.262821148155587
TMO,111,3.9468168591526993,2020-09-11 00:00:00,2021-02-17 00:00:00,arima, ,,0.17240831079931856
TMO,111,5.440056838967147,2020-09-11 00:00:00,2021-02-17 00:00:00,prophet, ,,0.17240831079931856
TMO,115,31.557248977817782,2020-09-04 00:00:00,2021-02-17 00:00:00,lstm1,loss stopped changing,14.0,0.17240831079931856
TMO,115,25.384880849973307,2020-09-04 00:00:00,2021-02-17 00:00:00,lstm2,loss started increasing,15.0,0.17240831079931856
ABBV,115,18.303853697230974,2020-09-21 00:00:00,2021-02-18 00:00:00,arima, ,,0.25567265019240576
ABBV,115,21.79156478486462,2020-09-21 00:00:00,2021-02-18 00:00:00,prophet, ,,0.25567265019240576
ABBV,119,22.809032139514127,2020-09-15 00:00:00,2021-02-18 00:00:00,lstm1,loss stopped changing,5.0,0.25567265019240576
ABBV,119,25.209770819267046,2020-09-15 00:00:00,2021-02-18 00:00:00,lstm2,loss stopped changing,7.0,0.25567265019240576
PEP,113,8.429123467305617,2020-09-16 00:00:00,2021-02-18 00:00:00,arima, ,,0.18063034262014935
PEP,113,10.5915694921161,2020-09-16 00:00:00,2021-02-18 00:00:00,prophet, ,,0.18063034262014935
PEP,117,11.610240521614255,2020-09-10 00:00:00,2021-02-18 00:00:00,lstm1,loss stopped changing,4.0,0.18063034262014935
PEP,117,13.982007050370107,2020-09-10 00:00:00,2021-02-18 00:00:00,lstm2,loss stopped changing,5.0,0.18063034262014935
QCOM,119,3.8374292331569277,2020-09-17 00:00:00,2021-02-18 00:00:00,arima, ,,0.2895255281518311
QCOM,119,4.83675474359356,2020-09-17 00:00:00,2021-02-18 00:00:00,prophet, ,,0.2895255281518311
QCOM,123,23.829471644994786,2020-09-11 00:00:00,2021-02-18 00:00:00,lstm1,loss stopped changing,20.0,0.2895255281518311
QCOM,123,22.775398502598776,2020-09-11 00:00:00,2021-02-18 00:00:00,lstm2,loss stopped changing,17.0,0.2895255281518311
LLY,112,8.55031817364591,2020-09-10 00:00:00,2021-02-17 00:00:00,arima, ,,0.29675620940092107
LLY,112,9.778688018554085,2020-09-10 00:00:00,2021-02-17 00:00:00,prophet, ,,0.29675620940092107
LLY,116,33.407388546687,2020-09-03 00:00:00,2021-02-17 00:00:00,lstm1,loss stopped changing,12.0,0.29675620940092107
LLY,116,37.07532539034916,2020-09-03 00:00:00,2021-02-17 00:00:00,lstm2,loss started increasing,8.0,0.29675620940092107
WFC,117,3.596919620301305,2020-09-21 00:00:00,2021-02-18 00:00:00,arima, ,,0.2189365762718035
WFC,117,4.983526798031434,2020-09-21 00:00:00,2021-02-18 00:00:00,prophet, ,,0.2189365762718035
WFC,121,7.502645054116446,2020-09-15 00:00:00,2021-02-18 00:00:00,lstm1,loss started increasing,11.0,0.2189365762718035
WFC,121,7.476919193520122,2020-09-15 00:00:00,2021-02-18 00:00:00,lstm2,loss stopped changing,9.0,0.2189365762718035
GE,120,61.120315320447695,2020-09-16 00:00:00,2021-02-18 00:00:00,arima, ,,0.24028859457639556
GE,120,117.12607360553413,2020-09-16 00:00:00,2021-02-18 00:00:00,prophet, ,,0.24028859457639556
GE,124,64.70173172149795,2020-09-10 00:00:00,2021-02-18 00:00:00,lstm1,loss stopped changing,14.0,0.24028859457639556
GE,124,62.895207027937005,2020-09-10 00:00:00,2021-02-18 00:00:00,lstm2,loss stopped changing,12.0,0.24028859457639556
BLK,110,6.801848469613882,2020-09-11 00:00:00,2021-02-17 00:00:00,arima, ,,0.25158315164176415
BLK,110,7.778678639331852,2020-09-11 00:00:00,2021-02-17 00:00:00,prophet, ,,0.25158315164176415
BLK,114,21.803920952618043,2020-09-04 00:00:00,2021-02-17 00:00:00,lstm1,loss stopped changing,11.0,0.25158315164176415
BLK,114,22.832546878111,2020-09-04 00:00:00,2021-02-17 00:00:00,lstm2,loss stopped changing,13.0,0.25158315164176415
TGT,116,2.814418816351077,2020-09-15 00:00:00,2021-02-18 00:00:00,arima, ,,0.17540673249040517
TGT,116,3.124821443334024,2020-09-15 00:00:00,2021-02-18 00:00:00,prophet, ,,0.17540673249040517
TGT,120,20.17076103992622,2020-09-09 00:00:00,2021-02-18 00:00:00,lstm1,loss stopped changing,12.0,0.17540673249040517
TGT,120,21.091864583719698,2020-09-09 00:00:00,2021-02-18 00:00:00,lstm2,loss stopped changing,11.0,0.17540673249040517
CVS,118,30.771233805924908,2020-09-18 00:00:00,2021-02-18 00:00:00,arima, ,,0.1721022484114566
CVS,118,48.53375220281545,2020-09-18 00:00:00,2021-02-18 00:00:00,prophet, ,,0.1721022484114566
CVS,122,22.94126215831868,2020-09-14 00:00:00,2021-02-18 00:00:00,lstm1,loss started increasing,5.0,0.1721022484114566
CVS,122,26.39157281156913,2020-09-14 00:00:00,2021-02-18 00:00:00,lstm2,loss stopped changing,11.0,0.1721022484114566
LMT,113,182.80085217210856,2020-09-17 00:00:00,2021-02-18 00:00:00,arima, ,,0.22936605932605142
LMT,113,186.51037820889977,2020-09-17 00:00:00,2021-02-18 00:00:00,prophet, ,,0.22936605932605142
LMT,117,113.7989349361465,2020-09-11 00:00:00,2021-02-18 00:00:00,lstm1,loss stopped changing,5.0,0.22936605932605142
LMT,117,128.47167759142047,2020-09-11 00:00:00,2021-02-18 00:00:00,lstm2,loss stopped changing,4.0,0.22936605932605142
GILD,116,15.238129113892162,2020-09-23 00:00:00,2021-02-18 00:00:00,arima, ,,0.2134513841968064
GILD,116,20.20973873990754,2020-09-23 00:00:00,2021-02-18 00:00:00,prophet, ,,0.2134513841968064
GILD,120,17.941221778591437,2020-09-17 00:00:00,2021-02-18 00:00:00,lstm1,loss started increasing,4.0,0.2134513841968064
GILD,120,15.753727918810087,2020-09-17 00:00:00,2021-02-18 00:00:00,lstm2,loss stopped changing,8.0,0.2134513841968064
CB, , , , , ,error during data_prep,,
TMUS,114,3.878180109482458,2020-09-18 00:00:00,2021-02-18 00:00:00,arima, ,,0.24971194251853454
TMUS,114,5.444388189402025,2020-09-18 00:00:00,2021-02-18 00:00:00,prophet, ,,0.24971194251853454
TMUS,118,27.193942478296872,2020-09-14 00:00:00,2021-02-18 00:00:00,lstm1,loss stopped changing,13.0,0.24971194251853454
TMUS,118,24.549638982311194,2020-09-14 00:00:00,2021-02-18 00:00:00,lstm2,loss stopped changing,14.0,0.24971194251853454
CME,112,72.11989786008162,2020-09-10 00:00:00,2021-02-17 00:00:00,arima, ,,0.3976872458160473
CME,112,87.49072085518544,2020-09-10 00:00:00,2021-02-17 00:00:00,prophet, ,,0.3976872458160473
CME,116,60.10560698271667,2020-09-03 00:00:00,2021-02-17 00:00:00,lstm1,loss stopped changing,13.0,0.3976872458160473
CME,116,61.6714065657351,2020-09-03 00:00:00,2021-02-17 00:00:00,lstm2,loss stopped changing,12.0,0.3976872458160473
GM,117,25.90895940457576,2020-09-21 00:00:00,2021-02-18 00:00:00,arima, ,,0.36224486213376555
GM,117,29.176972813794166,2020-09-21 00:00:00,2021-02-18 00:00:00,prophet, ,,0.36224486213376555
GM,121,26.857788301551288,2020-09-15 00:00:00,2021-02-18 00:00:00,lstm1,loss started increasing,6.0,0.36224486213376555
GM,121,28.50264045019783,2020-09-15 00:00:00,2021-02-18 00:00:00,lstm2,loss started increasing,6.0,0.36224486213376555
COP,113,6.357526568489867,2020-09-17 00:00:00,2021-02-17 00:00:00,arima, ,,0.3783966004825806
COP,113,7.895009457020801,2020-09-17 00:00:00,2021-02-17 00:00:00,prophet, ,,0.3783966004825806
COP,117,10.899671303124004,2020-09-11 00:00:00,2021-02-17 00:00:00,lstm1,loss stopped changing,8.0,0.3783966004825806
COP,117,10.122566803883164,2020-09-11 00:00:00,2021-02-17 00:00:00,lstm2,loss stopped changing,8.0,0.3783966004825806
SO,112,24.930106415051405,2020-09-14 00:00:00,2021-02-17 00:00:00,arima, ,,0.3822251866395613
SO,112,25.216296182165433,2020-09-14 00:00:00,2021-02-17 00:00:00,prophet, ,,0.3822251866395613
SO,116,32.09612229111637,2020-09-08 00:00:00,2021-02-17 00:00:00,lstm1,loss started increasing,8.0,0.3822251866395613
SO,116,27.84953662044186,2020-09-08 00:00:00,2021-02-17 00:00:00,lstm2,loss started increasing,6.0,0.3822251866395613
FDX,116,5.538309290991639,2020-09-21 00:00:00,2021-02-17 00:00:00,arima, ,,0.29805694896203794
FDX,116,6.6461766238290005,2020-09-21 00:00:00,2021-02-17 00:00:00,prophet, ,,0.29805694896203794
FDX,120,12.117756296693315,2020-09-15 00:00:00,2021-02-17 00:00:00,lstm1,loss stopped changing,32.0,0.29805694896203794
FDX,120,11.759754429209348,2020-09-15 00:00:00,2021-02-17 00:00:00,lstm2,loss stopped changing,33.0,0.29805694896203794
TWTR,120,8.758038749564324,2020-09-16 00:00:00,2021-02-18 00:00:00,arima, ,,0.5225146679346866
TWTR,120,10.796361717604114,2020-09-16 00:00:00,2021-02-18 00:00:00,prophet, ,,0.5225146679346866
TWTR,124,16.60121907180742,2020-09-10 00:00:00,2021-02-18 00:00:00,lstm1,loss stopped changing,4.0,0.5225146679346866
TWTR,124,16.742526007467433,2020-09-10 00:00:00,2021-02-18 00:00:00,lstm2,loss stopped changing,5.0,0.5225146679346866
REGN,110,6.889402874809567,2020-09-21 00:00:00,2021-02-18 00:00:00,arima, ,,0.2921411260738055
REGN,110,8.603670970499449,2020-09-21 00:00:00,2021-02-18 00:00:00,prophet, ,,0.2921411260738055
REGN,114,9.863732754810671,2020-09-15 00:00:00,2021-02-18 00:00:00,lstm1,loss stopped changing,19.0,0.2921411260738055
REGN,114,10.161088738525127,2020-09-15 00:00:00,2021-02-18 00:00:00,lstm2,loss stopped changing,17.0,0.2921411260738055
FCX, , , , , ,error during data_prep,,
F,62,99.19181675210595,2020-12-05 00:00:00,2021-02-20 00:00:00,arima, ,,0.2517448010647498
F,62,115.0175784069903,2020-12-05 00:00:00,2021-02-20 00:00:00,prophet, ,,0.2517448010647498
F,66,93.2956406067129,2020-12-01 00:00:00,2021-02-20 00:00:00,lstm1,loss started increasing,5.0,0.2517448010647498
F,66,93.26992412476322,2020-12-01 00:00:00,2021-02-20 00:00:00,lstm2,loss started increasing,4.0,0.2517448010647498
BIIB,113,64.08783020000922,2020-09-15 00:00:00,2021-02-17 00:00:00,arima, ,,0.19681159751967386
BIIB,113,73.38943088395406,2020-09-15 00:00:00,2021-02-17 00:00:00,prophet, ,,0.19681159751967386
BIIB,117,39.313779492730546,2020-09-09 00:00:00,2021-02-17 00:00:00,lstm1,loss stopped changing,5.0,0.19681159751967386
BIIB,117,37.05231749471207,2020-09-09 00:00:00,2021-02-17 00:00:00,lstm2,loss stopped changing,5.0,0.19681159751967386
MET,112,37.246181693102734,2020-09-11 00:00:00,2021-02-17 00:00:00,arima, ,,0.3654278090138118
MET,112,41.59582629256833,2020-09-11 00:00:00,2021-02-17 00:00:00,prophet, ,,0.3654278090138118
MET,116,31.88737726662807,2020-09-04 00:00:00,2021-02-17 00:00:00,lstm1,loss started increasing,7.0,0.3654278090138118
MET,116,30.465065253790208,2020-09-04 00:00:00,2021-02-17 00:00:00,lstm2,loss started increasing,7.0,0.3654278090138118
EBAY,114,8.06700219195364,2020-09-16 00:00:00,2021-02-18 00:00:00,arima, ,,0.23142148872667748
EBAY,114,9.277268532775535,2020-09-16 00:00:00,2021-02-18 00:00:00,prophet, ,,0.23142148872667748
EBAY,118,12.455541745215388,2020-09-10 00:00:00,2021-02-18 00:00:00,lstm1,loss stopped changing,33.0,0.23142148872667748
EBAY,118,9.83767500647212,2020-09-10 00:00:00,2021-02-18 00:00:00,lstm2,loss stopped changing,52.0,0.23142148872667748
AIG,113,9.627865020547718,2020-09-15 00:00:00,2021-02-18 00:00:00,arima, ,,0.27170818074330605
AIG,113,12.578882676758244,2020-09-15 00:00:00,2021-02-18 00:00:00,prophet, ,,0.27170818074330605
AIG,117,6.544726351632106,2020-09-09 00:00:00,2021-02-18 00:00:00,lstm1,loss stopped changing,8.0,0.27170818074330605
AIG,117,8.957617502016536,2020-09-09 00:00:00,2021-02-18 00:00:00,lstm2,loss started increasing,9.0,0.27170818074330605
HPQ,114,14.657448344995002,2020-09-16 00:00:00,2021-02-18 00:00:00,arima, ,,0.29263464853456256
HPQ,114,18.38732686117728,2020-09-16 00:00:00,2021-02-18 00:00:00,prophet, ,,0.29263464853456256
HPQ,118,16.93138953237825,2020-09-10 00:00:00,2021-02-18 00:00:00,lstm1,loss stopped changing,9.0,0.29263464853456256
HPQ,118,16.21453344044407,2020-09-10 00:00:00,2021-02-18 00:00:00,lstm2,loss stopped changing,9.0,0.29263464853456256
SLB,117,2.604208298315006,2020-09-21 00:00:00,2021-02-18 00:00:00,arima, ,,0.23856177227135855
SLB,117,4.305761986743705,2020-09-21 00:00:00,2021-02-18 00:00:00,prophet, ,,0.23856177227135855
SLB,121,9.86944960889246,2020-09-15 00:00:00,2021-02-18 00:00:00,lstm1,loss stopped changing,6.0,0.23856177227135855
SLB,121,3.6098293744270795,2020-09-15 00:00:00,2021-02-18 00:00:00,lstm2,loss stopped changing,10.0,0.23856177227135855
VIAC, , , , , ,error during data_prep,,
MAR,113,50.83972277888476,2020-09-18 00:00:00,2021-02-18 00:00:00,arima, ,,0.3160082100065435
MAR,113,66.78340481841316,2020-09-18 00:00:00,2021-02-18 00:00:00,prophet, ,,0.3160082100065435
MAR,117,36.888079578128995,2020-09-14 00:00:00,2021-02-18 00:00:00,lstm1,loss started increasing,6.0,0.3160082100065435
MAR,117,33.876644377344626,2020-09-14 00:00:00,2021-02-18 00:00:00,lstm2,loss started increasing,6.0,0.3160082100065435
MPC,113,6.67287530598333,2020-09-21 00:00:00,2021-02-17 00:00:00,arima, ,,0.32777874624938264
MPC,113,8.329231192044269,2020-09-21 00:00:00,2021-02-17 00:00:00,prophet, ,,0.32777874624938264
MPC,117,7.981287875934852,2020-09-15 00:00:00,2021-02-17 00:00:00,lstm1,loss stopped changing,8.0,0.32777874624938264
MPC,117,10.047264974464554,2020-09-15 00:00:00,2021-02-17 00:00:00,lstm2,loss started increasing,8.0,0.32777874624938264
LUV,115,24.88675669651036,2020-09-23 00:00:00,2021-02-18 00:00:00,arima, ,,0.3804699531856354
LUV,115,31.07274683975289,2020-09-23 00:00:00,2021-02-18 00:00:00,prophet, ,,0.3804699531856354
LUV,119,20.34924292762369,2020-09-17 00:00:00,2021-02-18 00:00:00,lstm1,loss started increasing,6.0,0.3804699531856354
LUV,119,21.819504145982567,2020-09-17 00:00:00,2021-02-18 00:00:00,lstm2,loss started increasing,5.0,0.3804699531856354
DAL,117,8.201765278345427,2020-09-21 00:00:00,2021-02-18 00:00:00,arima, ,,0.339841923272913
DAL,117,11.183626643993342,2020-09-21 00:00:00,2021-02-18 00:00:00,prophet, ,,0.339841923272913
DAL,121,15.505936661756348,2020-09-15 00:00:00,2021-02-18 00:00:00,lstm1,loss started increasing,8.0,0.339841923272913
DAL,121,12.218723879233442,2020-09-15 00:00:00,2021-02-18 00:00:00,lstm2,loss stopped changing,8.0,0.339841923272913
VLO,112,4.940675847953269,2020-09-24 00:00:00,2021-02-18 00:00:00,arima, ,,0.3339945091852482
VLO,112,6.99494622072703,2020-09-24 00:00:00,2021-02-18 00:00:00,prophet, ,,0.3339945091852482
VLO,116,5.53754997131712,2020-09-18 00:00:00,2021-02-18 00:00:00,lstm1,loss stopped changing,8.0,0.3339945091852482
VLO,116,5.138125811376348,2020-09-18 00:00:00,2021-02-18 00:00:00,lstm2,loss stopped changing,9.0,0.3339945091852482
KR,115,9.263747535350316,2020-09-18 00:00:00,2021-02-18 00:00:00,arima, ,,0.21666482944495682
KR,115,12.767015384704886,2020-09-18 00:00:00,2021-02-18 00:00:00,prophet, ,,0.21666482944495682
KR,119,21.317860968294625,2020-09-14 00:00:00,2021-02-18 00:00:00,lstm1,loss stopped changing,34.0,0.21666482944495682
KR,119,25.391158401529967,2020-09-14 00:00:00,2021-02-18 00:00:00,lstm2,loss stopped changing,31.0,0.21666482944495682
KHC,116,4.569770914803932,2020-09-14 00:00:00,2021-02-18 00:00:00,arima, ,,0.2017131370417377
KHC,116,5.455089725778294,2020-09-14 00:00:00,2021-02-18 00:00:00,prophet, ,,0.2017131370417377
KHC,120,5.238230970428837,2020-09-08 00:00:00,2021-02-18 00:00:00,lstm1,loss stopped changing,8.0,0.2017131370417377
KHC,120,4.703390465023656,2020-09-08 00:00:00,2021-02-18 00:00:00,lstm2,loss stopped changing,10.0,0.2017131370417377
OXY,115,1.9497200514993658,2020-09-23 00:00:00,2021-02-18 00:00:00,arima, ,,0.4427309039465277
OXY,115,2.617031501825243,2020-09-23 00:00:00,2021-02-18 00:00:00,prophet, ,,0.4427309039465277
OXY,119,3.164422425521097,2020-09-17 00:00:00,2021-02-18 00:00:00,lstm1,loss stopped changing,9.0,0.4427309039465277
OXY,119,3.353705402895626,2020-09-17 00:00:00,2021-02-18 00:00:00,lstm2,loss stopped changing,9.0,0.4427309039465277
TSN,113,72.79502820666296,2020-09-18 00:00:00,2021-02-18 00:00:00,arima, ,,0.37022821654971416
TSN,113,105.1298105182581,2020-09-18 00:00:00,2021-02-18 00:00:00,prophet, ,,0.37022821654971416
TSN,117,126.25210873436224,2020-09-14 00:00:00,2021-02-18 00:00:00,lstm1,loss stopped changing,5.0,0.37022821654971416
TSN,117,87.91183758351802,2020-09-14 00:00:00,2021-02-18 00:00:00,lstm2,loss started increasing,5.0,0.37022821654971416
ALB,111,36.792374335901954,2020-09-15 00:00:00,2021-02-18 00:00:00,arima, ,,0.2004900602513456
ALB,111,31.686546316726638,2020-09-15 00:00:00,2021-02-18 00:00:00,prophet, ,,0.2004900602513456
ALB,115,58.34340960828058,2020-09-09 00:00:00,2021-02-18 00:00:00,lstm1,loss stopped changing,4.0,0.2004900602513456
ALB,115,71.18407099488088,2020-09-09 00:00:00,2021-02-18 00:00:00,lstm2,loss stopped changing,4.0,0.2004900602513456
UAL,91,3.87583103249889,2020-10-28 00:00:00,2021-02-18 00:00:00,arima, ,,0.42904566571771896
UAL,91,5.40208863531183,2020-10-28 00:00:00,2021-02-18 00:00:00,prophet, ,,0.42904566571771896
UAL,95,12.234869076935999,2020-10-22 00:00:00,2021-02-18 00:00:00,lstm1,loss started increasing,8.0,0.42904566571771896
UAL,95,11.55318568330863,2020-10-22 00:00:00,2021-02-18 00:00:00,lstm2,loss stopped changing,5.0,0.42904566571771896
AAL,118,2.8592234708662723,2020-09-21 00:00:00,2021-02-18 00:00:00,arima, ,,0.38708902689145597
AAL,118,4.004240141192973,2020-09-21 00:00:00,2021-02-18 00:00:00,prophet, ,,0.38708902689145597
AAL,122,4.679922134004987,2020-09-15 00:00:00,2021-02-18 00:00:00,lstm1,loss stopped changing,16.0,0.38708902689145597
AAL,122,3.5251460911241748,2020-09-15 00:00:00,2021-02-18 00:00:00,lstm2,loss stopped changing,12.0,0.38708902689145597
CBOE,88,12.998901820542875,2020-10-14 00:00:00,2021-02-17 00:00:00,arima, ,,0.22985110209633178
CBOE,88,15.826136370381946,2020-10-14 00:00:00,2021-02-17 00:00:00,prophet, ,,0.22985110209633178
CBOE,92,13.288666851250994,2020-10-08 00:00:00,2021-02-17 00:00:00,lstm1,loss stopped changing,7.0,0.22985110209633178
CBOE,92,13.678004188302118,2020-10-08 00:00:00,2021-02-17 00:00:00,lstm2,loss stopped changing,16.0,0.22985110209633178
XRX,112,8.176761573922562,2020-09-10 00:00:00,2021-02-17 00:00:00,arima, ,,0.07095997346324444
XRX,112,9.87796218777122,2020-09-10 00:00:00,2021-02-17 00:00:00,prophet, ,,0.07095997346324444
XRX,116,6.3567771626066385,2020-09-03 00:00:00,2021-02-17 00:00:00,lstm1,loss stopped changing,8.0,0.07095997346324444
XRX,116,7.8666751941023545,2020-09-03 00:00:00,2021-02-17 00:00:00,lstm2,loss stopped changing,9.0,0.07095997346324444
AAPL, , , , , ,error during data_prep,,
AMZN,120,3.8017623656826607,2020-09-17 00:00:00,2021-02-18 00:00:00,arima, ,,0.14780158351850653
AMZN,120,4.959664224657757,2020-09-17 00:00:00,2021-02-18 00:00:00,prophet, ,,0.14780158351850653
AMZN,124,20.198460133438527,2020-09-11 00:00:00,2021-02-18 00:00:00,lstm1,loss stopped changing,50.0,0.14780158351850653
AMZN,124,11.557164541877702,2020-09-11 00:00:00,2021-02-18 00:00:00,lstm2,loss stopped changing,64.0,0.14780158351850653
TSLA,120,3.9109239681728303,2020-09-17 00:00:00,2021-02-18 00:00:00,arima, ,,0.3106711224399684
TSLA,120,4.669162670416149,2020-09-17 00:00:00,2021-02-18 00:00:00,prophet, ,,0.3106711224399684
TSLA,124,46.746214890149666,2020-09-11 00:00:00,2021-02-18 00:00:00,lstm1,loss stopped changing,15.0,0.3106711224399684
TSLA,124,53.94015480484612,2020-09-11 00:00:00,2021-02-18 00:00:00,lstm2,loss stopped changing,19.0,0.3106711224399684
CSCO, , , , , ,error during data_prep,,
KO, , , , , ,error during data_prep,,
DIS, , , , , ,error during data_prep,,
XOM, , , , , ,error during data_prep,,
GS, , , , , ,error during data_prep,,
IBM, , , , , ,error during data_prep,,
INTC, , , , , ,error during data_prep,,
JNJ, , , , , ,error during data_prep,,
JPM, , , , , ,error during data_prep,,
MCD, , , , , ,error during data_prep,,
MRK, , , , , ,error during data_prep,,
MSFT, , , , , ,error during data_prep,,
NKE, , , , , ,error during data_prep,,
PFE, , , , , ,error during data_prep,,
UNH, , , , , ,error during data_prep,,
VZ, , , , , ,error during data_prep,,
V,119,97.31416743826784,2020-09-17 00:00:00,2021-02-18 00:00:00,arima, ,,0.1489552224188403
V,119,124.08312679102787,2020-09-17 00:00:00,2021-02-18 00:00:00,prophet, ,,0.1489552224188403
V,123,92.72592118036552,2020-09-11 00:00:00,2021-02-18 00:00:00,lstm1,loss started increasing,4.0,0.1489552224188403
V,123,93.25150503844388,2020-09-11 00:00:00,2021-02-18 00:00:00,lstm2,loss started increasing,4.0,0.1489552224188403
WMT, , , , , ,error during data_prep,,
WBA, , , , , ,error during data_prep,,
AMGN,112,10.76334176237675,2020-09-10 00:00:00,2021-02-17 00:00:00,arima, ,,0.3202341477245208
AMGN,112,12.686047244287128,2020-09-10 00:00:00,2021-02-17 00:00:00,prophet, ,,0.3202341477245208
AMGN,116,9.984546488106687,2020-09-03 00:00:00,2021-02-17 00:00:00,lstm1,loss stopped changing,16.0,0.3202341477245208
AMGN,116,9.454387079132113,2020-09-03 00:00:00,2021-02-17 00:00:00,lstm2,loss stopped changing,12.0,0.3202341477245208
BA,195,100.80032904023295,2020-06-01 00:00:00,2021-02-18 00:00:00,arima, ,,0.3405810060054693
BA,195,136.77709924350597,2020-06-01 00:00:00,2021-02-18 00:00:00,prophet, ,,0.3405810060054693
BA,199,93.096681111286,2020-05-26 00:00:00,2021-02-18 00:00:00,lstm1,loss started increasing,4.0,0.3405810060054693
BA,199,93.52080473366556,2020-05-26 00:00:00,2021-02-18 00:00:00,lstm2,loss started increasing,4.0,0.3405810060054693
CAT,116,14.314288831607092,2020-09-11 00:00:00,2021-02-18 00:00:00,arima, ,,0.30069672386095125
CAT,116,15.009053479529557,2020-09-11 00:00:00,2021-02-18 00:00:00,prophet, ,,0.30069672386095125
CAT,120,27.87178774318042,2020-09-04 00:00:00,2021-02-18 00:00:00,lstm1,loss started increasing,5.0,0.30069672386095125
CAT,120,32.68313570899589,2020-09-04 00:00:00,2021-02-18 00:00:00,lstm2,loss stopped changing,6.0,0.30069672386095125
CVX,115,6.704347819580127,2020-09-22 00:00:00,2021-02-18 00:00:00,arima, ,,0.4046462445975162
CVX,115,8.564431669667153,2020-09-22 00:00:00,2021-02-18 00:00:00,prophet, ,,0.4046462445975162
CVX,119,9.689869731133797,2020-09-16 00:00:00,2021-02-18 00:00:00,lstm1,loss started increasing,7.0,0.4046462445975162
CVX,119,7.119267495616411,2020-09-16 00:00:00,2021-02-18 00:00:00,lstm2,loss started increasing,12.0,0.4046462445975162
